name,twitter,Political group,Nationality
ADAKTUSSON Lars,Ladaktusson,EPP,Slovenia
SVOBODA Pavel,1PavelSvoboda,ALDE,Czech Republic
CHAUPRADE Aymeric,a_chauprade,GUE,Netherlands
JONGERIUS Agnes,a_jongerius,GUE,Spain
COZZOLINO Andrea,ACozzolino,Greens,Germany
GIEREK Adam,AdamGierek,EPP,France
KÓSA Ádám,adamkosamep,ALDE,Lithuania
VĂLEAN Adina Ioana,AdinaValean,EPP,Ireland
KHAN Afzal,akhanmep,S&D,Spain
CADEC Alain,AlainCadec,GUE,Spain
LAMASSOURE Alain,ALamassoure,ALDE,Belgium
DESS Albert,Albert_Dess_MEP,EPP,iy
CIRIO Alberto,Alberto_Cirio,EPP,France
MUSSOLINI Alessandra,Ale_Mussolini_,NI (Jobbik Magyarorszagert Mozgalom),Hungary
MOSCA Alessia Maria,alessiamosca,Greens,Croatia
SMITH Alyn,AlynSmithMEP,ECR,Bulgaria
BASHIR Amjad,AmjadBashirMEP,NI (Front National),France
GOMES Ana,AnaGomesMEP,EPP,Finland
VISTISEN Anders Primdahl,AndersVistisen,S&D,Germany
SCHWAB Andreas,Andreas_Schwab,S&D,Italy
PLENKOVIĆ Andrej,AndrejPlenkovic,NI (Jobbik Magyarorszagert Mozgalom),Hungary
KOVATCHEV Andrey,andreykovatchev,Greens,Sweden
ANDRIEU Eric,ANDRIEU11,S&D,France
ANDROULAKIS Nikos,androulakisnick,S&D,Romania
DUDA Andrzej Sebastian,AndrzejDuda,EFDD,Italy
VALLINA Ángela,AngelaVallina,S&D,Malta
MLINAR Angelika,AngelikaMlinar,ALDE,Romania
NIEBLER Angelika,ANiebler,EPP,Ireland
HAZEKAMP Anja,anjahazekamp,GUE,Netherlands
HEDH Anna q,AnnaHedh,EPP,Malta
CORAZZA BILDT Anna Maria,AnnaMariaCB,NI (Kongres Nowej Prawicy),Poland
ZÁBORSKÁ Anna,AnnaZaborska,ALDE,Czech Republic
DODDS Anneliese,AnnelieseDodds,ALDE,Netherlands
MINEUR Anne Marie,AnneMarieMineur,GUE,Germany
SCHREIJER PIERIK Annie,AnnieSchreijer,EPP,Italy
NÍ RIADA Liadh,anpreachan,NI (Vlaams Belang),Belgium
ANSIP Andrus,Ansip_EU,EPP,Ireland
McINTYRE Anthea,anthea_mcintyre,EPP,Hungary
TAJANI Antonio,Antonio_Tajani,EFDD,Lithuania
PANZERI Pier Antonio,AntonioPanzeri,S&D,UK
DANJEAN Arnaud,ArnaudDanjean,EPP,Germany
LIETZ Arne,ArneLietz,NI (Lega Nord),Italy
SANDER Anne,ASanderMEP,NI (Popular Association -Golden Dawn),Greece
FOX Ashley,Ashleyfoxmep,NI (Nationaldemokratische Partei Deutschlands),Germany
VOSS Axel,AxelVossMdEP,S&D,Spain
AYUSO Pilar,ayuso_pilar,S&D,Lithuania
BALAS Guillaume,BalasGuillaume,EPP,Germany
BALČYTIS Zigmantas,balcytis,ECR,Poland
KUDRYCKA Barbara,BarbaraKudrycka,EPP,Greece
STAES Bart,BartStaes,EPP,Germany
EICKHOUT Bas,BasEickhout,EPP,Spain
GOSIEWSKA Beata Barbara,BeataGosiewska,EPP,Romania
STORCH Beatrix von,Beatrix_vStorch,ALDE,UK
BECERRA BASTERRECHEA Beatriz,beatrizbeccerab,EPP,Austria
BEGHIN Tiziana,beghin_t,EPP,Belgium
BENDTSEN Bendt,BendtEU,S&D,Hungary
MONOT Bernard,bernard_monot,EPP,Lithuania
LANGE Bernd,berndlange,EPP,Spain
LUCKE Bernd,BerndLucke,EFDD,Italy
BORZAN Biljana,BiljanaBorzan,S&D,UK
SIPPEL Birgit,BirgitSippelMEP,EFDD,UK
OŻÓG Stanisław,biuroposelskie,ECR,UK
LIBERADZKI Bogusław,BLiberadzki,EPP,Germany
LOCHBIHLER Barbara,blochbihler,ALDE,France
CEBALLOS Bodil,BodilCeballos,EPP,Poland
BORGHEZIO Mario,BorrogohezioM,EPP,Denmark
BENIFEI Brando Maria,brandobenifei,S&D,Germany
SKRIPEK Branislav,BranoSkripek,Greens,Finland
HAYES Brian,brianhayesMEP,EFDD,UK
HORTEFEUX Brice,BriceHortefeux,ALDE,Luxembourg
GOLLNISCH Bruno,brunogollnisch,NI (Jobbik Magyarorszagert Mozgalom),Hungary
BALZ Burkhard,buba0769,EPP,Germany
BÜTIKOFER Reinhard,bueti,S&D,Germany
BUONANNO Gianluca,BuonannoG,EPP,Czech Republic
ZDROJEWSKI Bogdan Andrzej,BZdrojewski,EPP,Croatia
STIHLER Catherine,C_Stihler_MEP,S&D,Italy
COUSO PERMUY Javier,Caninator,EFDD,UK
COELHO Carlos,CarlosCoelhoPE,EPP,Malta
CASPARY Daniel,caspary,S&D,Bulgaria
IVAN Cătălin Sorin,Catalin_Ivan,S&D,Ireland
CHINNICI Caterina,CaterinaChinnic,S&D,Belgium
BEARDER Catherine,catherinemep,EPP,Germany
REVAULT D'ALLONNES BONNEFOY Christine,cdallonnes,S&D,Sweden
PREDA Cristian Dan,CDPreda,EPP,Germany
WIKSTRÖM Cecilia,CeciliaWikstrom,NI (Front National),France
GOERENS Charles,CharlesGoerens,S&D,Netherlands
TANNOCK Charles,CharlesTannock,GUE,Greece
KYENGE Kashetu,ckyenge,EFDD,UK
AGUILERA GARCÍA Clara Eugenia,ClaraAguilera7,NI (Front National),France
MOODY Clare,ClareMMoody,NI (Front National),France
TURMES Claude,Claude_Turmes,S&D,UK
MORAES Claude,ClaudeMoraesMEP,ALDE,Denmark
ROLIN Claude,clauderolin,EPP,France
LE GRIP Constance,clegrip,NI (Front National),France
MONTEIRO DE AGUIAR Cláudia,cmonteiroaguiar,EPP,Portugal
COFFERATI Sergio Gaetano,Cofferati,EFDD,UK
COMI Lara,comilara,EPP,Italy
COMODINI CACHIA Therese,ComodiniCachia,ECR,Poland
KREHL Constanze,ConstanzeKrehl,ECR,Ireland
CSÁKY Pál,csakypal,EPP,Bulgaria
MALTESE Curzio,curziomaltesetw,EPP,Czech Republic
NIEUWENHUIZEN Cora van,CvNieuwenhuizen,ECR,Slovakia
ZORRINHO Carlos,czorrinho,EFDD,UK
SIEKIERSKI Czesław Adam,CzSiekierski,EPP,Portugal
SÂRBU Daciana Octavia,DacianaSarbu,EPP,Germany
DEUTSCH Tamás,dajcstomi,NI (Front National),France
DRĂGHICI Damian,damiandraghici1,EPP,Hungary
HANNAN Daniel,DanHannanMEP,S&D,Spain
AIUTO Daniela,DanielaAiuto,Greens,Germany
BUDA Daniel,DanielBudaRo,NI (Freiheitliche Partei Osterreichs),Austria
VIOTTI Daniele,danieleviotti,EPP,France
DANTI Nicola,DantiNicola,ECR,UK
HÜBNER Danuta Maria,danutahuebner,Greens,Lithuania
ROSATI Dariusz,DariuszRosati,EFDD,UK
DATI Rachida,datirachida,EFDD,UK
CASA David,DavidCasaMEP,EPP,Ireland
COBURN David,DavidCoburnUKip,ALDE,Portugal
MARTIN David,davidmartinmep,EFDD,Lithuania
McALLISTER David,davidmcallister,EPP,Poland
SASSOLI David Maria,DavidSassoli,ECR,Poland
SKRLEC Davor,DavorSkrlec,ECR,Belgium
STIER Davor Ivo,davorstier,S&D,Finland
JACKIEWICZ Dawid Bohdan,DawidJackiewicz,EPP,Netherlands
CAMPBELL BANNERMAN David,DCBMEP,Greens,France
JONG Dennis Cornelius de,DdJong,EPP,France
DE BACKER Philippe,debackerphil,EPP,Italy
CLUNE Deirdre,DeirdreCluneFG,ALDE,France
DELAHAYE Angélique,Delahaye_Europe,EFDD,Italy
CASTILLO VERA Pilar del,delcastillop,S&D,Italy
PAPADAKIS Demetris,DemPapadakis,Greens,Austria
VAUGHAN Derek,derekvaughan,S&D,Italy
DE SARNEZ Marielle,desarnez,S&D,UK
DODDS Diane,DianeDoddsMEP,NI (Front National),France
JAMES Diane,DianeUKIP,NI (Partij voor de Vrijheid),Netherlands
JAZŁOWIECKA Danuta,DJazlowiecka,ALDE,Belgium
RIQUET Dominique,DominiqueRiquet,EPP,Romania
BUCHNER Klaus,Dr_KlausBuchner,NI (Partij voor de Vrijheid),Netherlands
SUICA Dubravka,dubravkasuica,ECR,UK
DURAND Pascal,DurandEELV,NI (Front National),France
MARTIN Edouard,edouardmartinEU,S&D,Sweden
HELLVIG Eduard Raul,EduardHellvig1,EPP,Germany
KUKAN Eduard,EduardKukan,S&D,Spain
GARDIAZABAL RUBIAL Eider,EGardiazabal,S&D,Spain
GARDINI Elisabetta,EGardini,S&D,Germany
GENTILE Elena,elena_gentile,EPP,Spain
VALENCIANO Elena,ElenaValenciano,Greens,UK
EVI Eleonora,EleonoraEvi,EFDD,Italy
FERREIRA Elisa,elisaferreira,S&D,Germany
KÖSTINGER Elisabeth,ElliKoestinger,NI (Front National),France
BROK Elmar,ElmarBrok_MEP,S&D,UK
McCLARKIN Emma,EmmaMcClarkin,ALDE,Spain
MAUREL Emmanuel,emmanuelmaurel,S&D,Italy
MORIN CHARTIER Elisabeth,emorinchartier,EPP,Italy
GASBARRA Enrico,enricogasbarra,ALDE,Germany
MARAGALL Ernest,ernestmaragall,EPP,Romania
URTASUN Ernest,ernesturtasun,S&D,Germany
LANGE Esther de,Esther_de_Lange,ECR,UK
FREUND Eugen,EugenAFreund,S&D,Germany
GEIER Jens,EuropaJens,EPP,Cyprus
THEURER Michael,EUTheurer,EPP,Spain
JOLY Eva,EvaJoly,S&D,Austria
KAILI Eva,EvaKaili,ALDE,Sweden
PAUNOVA Eva,evapaunova,EPP,Luxembourg
REGNER Evelyn,Evelyn_Regner,EPP,Czech Republic
SWINBURNE Kay,ewrop2014,EPP,Croatia
PHILIPPOT Florian,f_philippot,ALDE,Portugal
FEDERLEY Fredrick,federley,EPP,Germany
GAMBÚSFrancesc,fgambus_ue,S&D,Spain
LÓPEZ Javier,fjavilopez,EPP,Italy
FJELLNER Christofer,Fjellner,EFDD,Italy
ZANONATO Flavio,flaviozanonato,EPP,Spain
MAURA BARANDIARÁN Fernando,FMauraB,EPP,Germany
FONTANA Lorenzo,Fontana3Lorenzo,EPP,Hungary
BOGOVIČ Franc,FrancBogovicMEP,S&D,Germany
PROUST Franck,franckproust,ECR,Poland
OBERMAYR Franz,franzobermayr,EPP,Portugal
RIES Frédérique,Frederiqueries,S&D,France
MARTUSCIELLO Fulvio,fulviomartuscie,S&D,Poland
ZIMMER Gabriele,GabiZimmerMEP,EPP,Hungary
GABRIEL Mariya,GabrielMariya,GUE,Portugal
MATO Gabriel,GabrielMatoA,S&D,Greece
ANNEMANS Gerolf,gannemans,EFDD,UK
BATTEN Gerard,GerardBattenMEP,S&D,Italy
GERBRANDY Gerben Jan,Gerbrandy,ECR,UK
MEISSNER Gesine,gesine_meissner,GUE,Cyprus
HÖKMARK Gunnar,ghokmark,EPP,Poland
PITTELLA Gianni,giannipittella,NI (Front National),France
LEBRETON Gilles,Gilles_Lebreton,GUE,Greece
PARGNEAUX Gilles,gillespargneaux,S&D,Greece
KYRTSOS Georgios,GiorgosKyrtsos,ALDE,Bulgaria
LA VIA Giovanni,giovannilavia,ALDE,Finland
TOTI Giovanni,GiovanniToti,S&D,UK
GIRAUTA VIDAL Juan Carlos,GirautaOficial,EPP,Austria
KATROUGKALOS Georgios,gkatr,ALDE,Germany
LANDSBERGIS Gabrielius,GLandsbergis,ALDE,Sweden
WILLMOTT Glenis,GlenisWillmott,EFDD,France
BETTINI Goffredo Maria,GoffredoBettini,GUE/NGL,Spain
GONZÁLEZ PONS Esteban,gonzalezpons,ECR,Poland
GOULARD Sylvie,GoulardSylvie,EPP,France
LAMBERT Jean,GreenJeanMEP,Greens,Estonia
TAYLOR Keith,GreenKeithMEP,EFDD,Latvia
GROOTE Matthias,Groote,S&D,Germany
GROSSETÊTE Françoise,GrosseteteF,EPP,France
GRZYB Andrzej,GrzybAndrzej,EPP,Poland
GUALTIERI Roberto,gualtierieurope,EPP,Germany
VERHOFSTADT Guy,GuyVerhofstadt,EPP,Sweden
HALLA AHO Jussi,Halla_aho,EPP,Spain
BAALEN Johannes Cornelis van,hans_van_baalen,EFDD,UK
HENKEL Hans Olaf,HansOlafHenkel,Greens,Germany
HAUTALA Heidi,HeidiHautala,EPP,Italy
TRÜPEL Helga,HelgaTruepel,S&D,Italy
VIRKKUNEN Henna,HennaVirkkunen,ECR,Denmark
DORFMANN Herbert,HerbertDorfmann,Greens,Germany
REUL Herbert,hreul,S&D,UK
HUDGHTON Ian,hudghtonmepSNP,ECR,Poland
DUNCAN Ian,IanDuncanMEP,Greens,Denmark
AYALA SENDER Inés,IAyalaSender,ALDE,Netherlands
IOTOVA Iliana,IIotova,EPP,Greece
KYUCHYUK Ilhan,ilhankyuchyuk,S&D,Belgium
TARAND Indrek,indrektarand,ECR,Germany
GRÄSSLE Ingeborg,inge_graessle,GUE,France
PAȘCU Ioan Mircea,ioanmirceapascu,EPP,Spain
GARCÍA PÉREZ Iratxe,IratxeGarper,EPP,Sweden
ADINOLFI Isabella,Isa_Adinolfi,ALDE,Germany
THOMAS Isabelle,Isabel_thomasEU,GUE,Germany
DE MONTE Isabella,IsabellaDeMonte,GUE,Germany
ERTUG Ismail,IsmailErtug,ALDE,Finland
VAJGL Ivo,ivajgl,EPP,Germany
JAKOVČIĆ Ivan,IvanJakovcic,EPP,Czech Republic
STEFANEC Ivan,IvanStefanec,S&D,UK
GRIGULE Iveta,IvetaGrigule,ECR,Netherlands
BELET Ivo,IvoBelet,S&D,Italy
BILBAO BARANDICA Izaskun,IzaskunBilbaoB,EPP,Netherlands
LEWANDOWSKI Janusz,J_Lewandowski,S&D,Germany
WIŚNIEWSKA Jadwiga,j_wisniewska,Greens,Hungary
JAAKONSAARI Liisa,Jaakonsaari,EFDD,Poland
JÄÄTTEENMÄKI Anneli,jaatteenmaki,GUE,Ireland
CARVER James,JamesJimCarver,GUE,Spain
ALBRECHT Jan Philipp,JanAlbrecht,EPP,Germany
COLLINS Jane,Jane4ukip,S&D,Portugal
ATKINSON Janice,JaniceUKIP,EFDD,UK
OLBRYCHT Jan Marian,JanOlbrycht,EPP,Germany
ZEMKE Janusz,JanuszZemke,ECR,Germany
ŠTĚTINA Jaromír,JaroDinoStetina,EPP,Slovakia
NART Javier,JavierNart,S&D,Spain
JÁVOR Benedek,javorbenedek,EFDD,UK
ARTHUIS Jean,JeanArthuis,EPP,Spain
CAVADA Jean Marie,JeanMarieCAVADA,EPP,Germany
KOFOD Jeppe,JeppeKofod,S&D,Germany
LENAERS Jeroen,jeroen_lenaers,NI (Lega Nord),Italy
BUZEK Jerzy,JerzyBuzek,EPP,Poland
JEŽEK Petr,JezekCZ,EPP,Italy
LÓPEZ AGUILAR Juan Fernando,JFLopezAguilar,GUE,Italy
FOSTER Jacqueline,jfostermep,Greens,UK
HUITEMA Jan,jhuitema,EFDD,UK
EVANS Jill,JillEvansMEP,S&D,Estonia
LAVRILLEUX Jérôme,jlavrilleux,ECR,Poland
LEICHTFRIED Jörg,jleichtfried,EPP,Romania
MÉLENCHON Jean Luc,JLMelenchon,ALDE,Netherlands
SCHAFFHAUSER Jean Luc,JLSchaffhauser,S&D,Spain
FERNANDES José Manuel,JMFernandesEU,ECR,Finland
TERRICABRAS Joseph Maria,jmterricabras,S&D,Romania
NICHOLSON James,JNicholsonMEP,EPP,Poland
ZELLER Joachim,joachimzeller,GUE,France
MÉLIN Joëlle,JoelleMelinFN,S&D,Austria
LEINEN Jo,JoLeinen,EPP,Germany
FERNÁNDEZ Jonás,jonasfernandez,NI (Front National),France
ARNOTT Jonathan,JonathanArnott,NI (Front National),France
BOVÉ José,josebove,EPP,Bulgaria
RADOŠ Jozo,jozorados,ECR,Belgium
DENANOT Jean Paul,jpdenanot,EPP,Finland
SARYUSZ WOLSKI Jacek,JSaryuszWolski,S&D,Portugal
SEYMOUR Jill,JSeymourUKIP,ECR,UK
KIRTON DARLING Jude,Jude_KD,S&D,Malta
SARGENTINI Judith,judithineuropa,EPP,Poland
WARD Julie,julie4nw,ALDE,Spain
GIRLING Julie,juliegirling,EPP,Slovakia
STEINRUCK Jutta,JuttaSteinruck,ECR,UK
VAN OVERTVELDT Johan,jvanovertveldt,EPP,Romania
WOJCIECHOWSKI Janusz,jwojc,ALDE,Lithuania
GUTELAND Jytte,JytteGuteland,EPP,Po
KALLAS Kaja,kajakallas,ECR,Germany
KALNIETE Sandra,Kalniete,EPP,Hungary
DELLI Karima,KarimaDelli,EPP,Hungary
KADENBACH Karin,karinkadenbach,ECR,Poland
PIRI Kati,KatiPiri,GUE,Greece
KAUFMANN Sylvia Yvonne,KaufmannSylvia,GUE,Ireland
FLECKENSTEIN Knut,knufleckenstein,EPP,Romania
VÄYRYNEN Paavo,kokokansanpaavo,S&D,Denmark
KONEČNÁ Kateřina,Konecna_K,GUE,Czech Republic
KORWIN MIKKE Janusz Ryszard,korwinmikke,GUE,Denmark
KARIŅŠ Krišjānis,krisjaniskarins,S&D,UK
WINBERG Kristina,KristinaWinberg,EFDD,Sweden
LYBACKA Krystyna Maria,KrystynaLybacka,GUE,Spain
VAN BREMPT Kathleen,kvanbrempt,Greens,Sweden
CESA Lorenzo,L_Cesa,Greens,Belgium
LAMBSDORFF Alexander Graf,Lambsdorff,EPP,Netherlands
LANGEN Werner,langen_werner,NI (Front National),France
FERRARA Laura,LauraFerraraM5S,GUE,France
LE PEN Jean Marie,lepenjm,ALDE,Croatia
RANGEL Paulo,libertarofuturo,ECR,Germany
GERINGER de OEDENBERG Lidia Joanna,lidiageringer,S&D,Czech Republic
SENRA RODRÍGUEZ Lidia,LidiaSenra,EPP,Germany
McAVAN Linda,LindaMcAvanMEP,EPP,Luxembourg
ENGSTRÖM Linnéa,LinneaEngstrom,Greens,France
BOYLAN Lynn,LNBDublin,S&D,France
PETERLE Alojz,lojzepeterle,EPP,Romania
SÁNCHEZ CALDENTEY Lola,LolaPodemos,ALDE,Bulgaria
ALIOT Louis,louis_aliot,ALDE,Bulgaria
IDE Louis,louis_ide,EPP,France
ANDERSON Lucy,LucyAndersonMEP,S&D,Hungary
NIEDERMAYER Luděk,LudekNie,S&D,Slovakia
FLANAGAN Luke Ming,lukeming,S&D,Sweden
NISTERLROOIJ Lambert van,LvNistelrooij,ECR,UK
GIUFFRIDA Michela,m_giuffrida,S&D,Slovakia
MACH Petr,MachCZ,ECR,UK
McGUINNESS Mairead,MaireadMcGMEP,NI (Partij voor de Vrijheid),Netherlands
MALETIĆ Ivana,MaleticIvana,NI (Lega Nord),Italy
BJÖRK Malin,MalinBjork_EU,NI (Front National),France
ALLIOT MARIE Michèle,MAlliotMarie,S&D,UK
WEBER Manfred,ManfredWeber,S&D,Netherlands
JOULAUD Marc,MarcJoulaud,EFDD,Italy
AFFRONTE Marco,marcoaffronte,S&D,Spain
VALLI Marco,MarcoValliM5S,GUE,Portugal
ZULLO Marco,MarcoZullo,S&D,Romania
TARABELLA Marc,marctarabella,Greens,Germany
PRETZELL Marcus,MarcusPretzell,GUE,Spain
JUREK Marek,marekjurek,S&D,France
PARKER Margot,MargotLJParker,ALDE,Lithuania
AUKEN Margrete,MargreteAuken,EPP,Poland
HARKIN Marian,MarianHarkin,ECR,Greece
MARINESCU Marian Jean,MarianMarinescu,GUE,Italy
SPYRAKI Maria,MariaSpyraki,EPP,Lithuania
SCHAAKE Marietje,MarietjeSchaake,EFDD,UK
ALBIOL GUZMÁN Marina,MarinaAlbiol,EPP,Romania
MARINHO E PINTO António,marinhoepinto,S&D,Hungary
ULVSKOG Marita,maritaulvskog,S&D,Luxembourg
DEMESMAEKER Mark,markdemesmaeker,ALDE,Sweden
FERBER Markus,MarkusFerber,GUE,Netherlands
MIZZI Marlene,MarleneMizzi,GUE,Germany
HÄUSLING Martin,MartinHaeusling,EPP,Netherlands
SCHULZ Martin,MartinSchulz,EPP,Germany
SONNEBORN Martin,MartinSonneborn,EPP,Germany
HONEYBALL Mary,maryhoneyball,S&D,Italy
PAOLUCCI Massimo,MassimoPaolucc6,NI (Kongres Nowej Prawicy),Poland
MATERA Barbara,materabarbara,S&D,Italy
CARTHY Matt,mattcarthy,EPP,Spain
MILTENBURG Matthijs van,MatthijsvMilt,EPP,Czech Republic
PONGA Maurice,mauriceponga,GUE,UK
ANDERSSON Max,MaxAndersson,GUE,Greece
SALINI Massimiliano,MaxSalini,EPP,Belgium
ARNAUTU Marie Christine,MCArnautu,S&D,UK
VERGIAT Marie Christine,MCVergiat,ALDE,Romania
DLABAJOVÁ Martina,Mdlabajova,Greens,Spain
THEOCHAROUS Eleni,mep_theocharous,S&D,UK
ANDERSON Martina,MEPStandingUp4U,S&D,UK
BRESSO Mercedes,mercedesbresso,ECR,Denmark
MESZERICS Tamás,MeszericsT,EPP,Slovakia
KUMPULA NATRI Miapetra,miapetrakumpula,EPP,Bulgaria
GAHLER Michael,michaelgahler,S&D,Italy
BONI Michał,MichalBoni,S&D,Italy
DANTIN Michel,MichelDANTIN,ALDE,France
RIVASI Michèle,MicheleRivasi,EFDD,UK
REIMON Michel,michelreimon,EFDD,Italy
ZVER Milan,MilanZver,EPP,Spain
ETHERIDGE Bill,milroy666,ECR,Netherlands
DALLI Miriam,Miriamdalli,ALDE,Bulgaria
MIKOLÁŠIK Miroslav,miromikolasik,S&D,Czech Republic
POCHE Miroslav,MiroslavPoche,EPP,Germany
GRAAFF Marcel de,MJRLdeGraaff,S&D,Germany
KEFALOGIANNIS Manolis,MKefaloyannis,NI (Front National),France
LE PEN Marine,MLP_officiel,EPP,Italy
MATIAS Marisa,mmatias_,EPP,Germany
SCOTT CATO Molly,MollyScottCato,S&D,Romania
NEKOV Momchil,momchilnekov,EFDD,Czech Republic
MACOVEI Monica Luisa,MonicaMacovei1,S&D,Germany
HOHLMEIER Monika,MonikaHohlmeier,EPP,Slovenia
PETERSEN Morten Helveg,mortenhelveg,EPP,Portugal
MESSERSCHMIDT Morten,MrMesserschmidt,ALDE,Spain
TROSZCZYNSKI Mylène,MyleneTroszczyn,S&D,UK
MORANO Nadine,nadine__morano,EPP,Germany
GILL Nathan,NathanGillMEP,NI (Front National),France
CHILDERS Nessa,NChildersMEP,EFDD,UK
GILL Neena,neenaformep,ALDE,Spain
NEGRESCU Victor,negrescuvictor,S&D,Romania
GRIESBECK Nathalie,ngriesbeck,ECR,UK
CAPUTO Nicola,NicolaCaputo,EFDD,UK
BAY Nicolas,nicolasbayfn,,
NIEDERMÜLLER Péter,Niedemueller,S&D,Slovenia
FARAGE Nigel,Nigel_Farage,ALDE,Estonia
TORVALDS Nils,NilsTorvalds,EPP,Hungary
DEVA Nirj,NirjDeva,Greens,Spain
MARIAS Notis,Notis_Marias,S&D,Germany
MELO Nuno,NunoMeloCDS,NI (Freiheitliche Partei Osterreichs),Austria
O'FLYNN Patrick,oflynnmep,ECR,Germany
STUGER Olaf,OlafStuger,S&D,Italy
CHRISTENSEN Ole,OleEU,Greens,Spain
SEHNALOVÁ Olga,OlgaSehnalova,ECR,Germany
LUDVIGSSON Olle,olleludvigsson,S&D,Austria
REHN Olli,ollirehn,NI (Freiheitliche Partei Osterreichs),Austria
KARAS Othmar,othmar_karas,ECR,Belgium
IGLESIAS Pablo,Pablo_Iglesias_,S&D,Slovakia
ZALBA BIDEGAIN Pablo,PabloZalba,S&D,Romania
PABRIKS Artis,Pabriks,EPP,Spain
LÓPEZ BERMEJO Paloma,palomalopezB,ALDE,Belgium
DE CASTRO Paolo,paolodecastro,NI (Communist Party of Greece),Greece
PAPADIMOULIS Dimitrios,papadimoulis,S&D,Belgium
ARIMONT Pascal,PASCALARIMONT,EFDD,UK
PATRICIELLO Aldo,PatricielloAldo,ALDE,Slovakia
SULIN Patricija,PatricijaSulin,EPP,France
LE HYARIC Patrick,PatrickLeHyaric,ECR,UK
BRANNEN Paul,PaulBrannenNE,S&D,Germany
NUTTALL Paul,PaulNuttallMEP,GUE,Czech Republic
RÜBIG Paul,PaulRuebig,EFDD,Italy
TANG Paul,paultang,EPP,Poland
POC Pavel,pavelpoc,S&D,Italy
BERÈS Pervenche,PervencheBeres,S&D,Poland
LIESE Peter,peterliese,S&D,Portugal
SIMON Peter,PeterSimonMEP,EPP,Spain
DALEN Peter van,petervdalen,EFDD,UK
AUŠTREVIČIUS Petras,petras_petras,Greens,Netherlands
SARVAMAA Petri,petrisarvamaa,Greens,UK
LAMBERTS Philippe,ph_lamberts,ECR,Poland
JUVIN Philippe,philippejuvin,EPP,Bulgaria
PEDICINI Piernicola,PiernicolaM5S,NI (Front National),France
PICIERNO Giuseppina,pinapic,ECR,Bulgaria
ECHENIQUE Pablo,pnique,ECR,Poland
POSPÍŠIL Jiří,Pospisil_Jiri,EPP,Slovakia
CZARNECKI Ryszard,r_czarnecki,EPP,Spain
FITTO Raffaele,RaffaeleFitto,EPP,Bulgaria
KOZŁOWSKA RAJEWICZ Agnieszka,RajewiczBlog,ECR,Germany
TREMOSA i BALCELLS Ramon,ramontremosa,GUE,Portugal
FINCH Raymond,raymondfinch,ALDE,Ireland
HARMS Rebecca,RebHarms,EPP,Luxembourg
BÖGE Reimer,reimerboege,S&D,Italy
BRIANO Renata,Renata_Briano,EPP,Germany
WEBER Renate,renateweber,NI (Die Partei),Germany
SORU Renato,renatosoru,EPP,Romania
MUSELIER Renaud,RenaudMuselier,ALDE,France
ASHWORTH Richard,RichardAshMEP,EPP,Sweden
CORBETT Richard,richardcorbett,EPP,France
HOWITT Richard,richardhowitt,EPP,Austria
KARI Rina Ronja,rinakari,Greens,Hungary
METSOLA Roberta,RobertaMetsola,Green,France
ROCHEFORT Robert,robertrochefort,ECR,Poland
ZĪLE Roberts,robertszile,ALDE,France
RODRÍGUEZ-PIÑERO FERNÁNDEZ Inmaculada,RodriguezPinero,EPP,Romania
HELMER Roger,RogerHelmerMEP,S&D,Germany
ROHDE Jens,rohde_jens,ALDE,Spain
PAKSAS Rolandas,RolandasPaksas,S&D,Malta
D'AMATO Rosa,RosaD_Amato,S&D,France
THUN UND HOHENSTEIN Róża Gräfin  von,rozathun,ECR,Lithuania
TOMAŠIĆ Ruža,RuzaTomasic,GUE,France
VERHEYEN Sabine,sabineverheyen,GUE,Greece
CICU Salvatore,SalvoCicu,S&D,Czech Republic
POGLIESE Salvatore Domenico,SalvoPogliese,ALDE,Czech Republic
TERHO Sampo,SampoTerho,EPP,France
SANT Alfred,SantAlfred,EFDD,UK
FISAS AYXELÀ Santiago,SantiagoFisas,S&D,Italy
SAUDARGAS Algirdas,Saudargas,NI (Rassemblement bleu Marine),France
SCHALDEMOSE Christel,SchaldemoseMEP,S&D,Italy
SCHMIDT Claudia,Schmidt_Clau,S&D,Denmark
SCHÖPFLIN György,schopflinMEP,S&D,Germany
SCHULZE Sven,schulzeeuropa,Greens,Germany
KELLY Seán,SeanKellyMEP,Greens,United Kingdom
SEBASTIÀ Jordi,Sebastia_Jordi,EFDD,Italy
DANCE Seb,SebDance,S&D,Romania
REDA Julia,Senficon,Greens,Belgium
STANISHEV Sergei,SergeiStanishev,S&D,Sweden
GUTIÉRREZ  PRIETO Sergio,Sergio_GP,GUE,Spain
SERNAGIOTTO Remo,SernagiottoRemo,EPP,Latvia
KARIM Sajjad,SHKMEP,EPP,Slovenia
BONAFÈ Simona,simonabonafe,S&D,Germany
SIMON Sion,sionsimon,S&D,Czech Republic
KELLER Ska,SkaKeller,Greens,UK
SMOLKOVÁ Monika,SmolkovaMonika,S&D,Italy
MUREȘAN Siegfried,SMuresan,EPP,France
SAKORAFA Sofia,SofiaSakorafa,EPP,Poland
CABEZÓN RUIZ Soledad,SoledadCabezon,GUE,Spain
IN 'T VELD Sophia,SophieintVeld,EPP,Czech Republic
POST Soraya,SorayaPostFi,EPP,Germany
PIETIKÄINEN Sirpa,spietikainen,EPP,Italy
POLČÁK Stanislav,stanislavpolcak,S&D,Italy
BRIOIS Steeve,SteeveBriois,GUE,Spain
ECK Stefan,Stefan_Eck_MEP,ECR,Poland
WOOLFE Steven,Steven_Woolfe,S&D,Germany
STEVENS Helga,StevensHelga,EPP,Croatia
SULÍK Richard,SulikRichard,S&D,Poland
GIEGOLD Sven,sven_giegold,EPP,Latvia
KAMALL Syed,SyedKamall,ECR,UK
SYLIKIOTIS Neoklis,sylikiotis,GUE,Greece
GODDYN Sylvie,Sylvie_Goddyn,S&D,Spain
GUILLAUME Sylvie,sylvieguillaume,EPP,Hungary
SZANYI Tibor,szanyitibor,S&D,Hungary
SZEJNFELD Adam,szejnfeld,EPP,Slovenia
ZWIEFKA Tadeusz,TadeuszZwiefka,EPP,Italy
TAMBURRANO Dario,tamburrano,S&D,Portugal
GONZÁLEZ PEÑAS Tania,TaniaGonzalezPs,NI (Communist Party of Greece),Greece
ZDANOKA Tatjana,Tatjana_Zdanoka,Greens,UK
TELIČKA Pavel,Telicka,ALDE,Czech Republic
JIMÉNEZ-BECERRIL BARRIO Teresa,TeresaJBecerril,GUE,Spain
RODRIGUEZ RUBIO Teresa,TeresaRodr_,Greens,Austria
REINTKE Terry,TerryReintke,EFDD,Italy
FAJON Tanja,tfajon,Greens,Germany
HADJIGEORGIOU Takis,thadjigeorgiou,EPP,Hungary
HÄNDEL Thomas,thaendel,ALDE,France
GRIFFIN Theresa,TheresaG_EU,EFDD,Italy
AKER Tim,Tim_Aker,S&D,UK
KIRKHOPE Timothy,TimKirkhopeMEP,ECR,Czech Republic
TOIA Patrizia,toiapatrizia,GUE,Spain
SAÏFITokia,TokiaSaifi,EPP,France
PORĘBA Tomasz Piotr,TomaszPoreba,Greens,Latvia
ZDECHOVSKÝ Tomáš,TomZdechovsky,S&D,Spain
LÓPEZ-ISTÚRIZ WHITE Antonio,TonoEPP,S&D,France
GUOGA Antanas,TonyGuoga,S&D,Italy
PICULA Tonino,TPicula,S&D,Sweden
UNGUREANU Traian,TraianUngureanu,EPP,Romania
BULLMANN Udo,UdoBullmann,ECR,Denmark
VOIGT Udo,udovoigt,S&D,France
MÜLLER Ulrike,UliMuellerMdEP,EPP,Poland
LUNACEK Ulrike,UlrikeLunacek,GUE/NGL,Spain
RODUST Ulrike,UlrikeRodust,NI (Lega Nord),Italy
FORD Vicky,vickyford,EPP,Bulgaria
USPASKICH Viktor,ViktorUspaskich,GUE,Portugal
VILIMSKY Harald,vilimsky,EFDD,Italy
PEILLON Vincent,Vincent_Peillon,Greens,Germany
REDING Viviane,VivianeRedingEU,EPP,Germany
VOZEMBERG Elissavet,vozemberg,EPP,Poland
ROZIÈRE Virginie,VRoziere,EPP,Greece
WAŁĘSA Jarosław,WalesaMEP,ALDE,Romania
WEIDENHOLZER Josef,Weidenholzer,EPP,Poland
KUHN Werner,WernerKuhnMdEP,S&D,Germany
WESTPHAL Kerstin,WestphalKerstin,EPP,France
CAMP Wim van de,WimvandeCamp,ECR,Poland
JADOT Yannick,yannickjadot,EPP,Poland
OMARJEE Younous,younousomarjee,EPP,Greece
ZAHRADIL Jan,ZahradilJan,S&D,Germany
KUŹMIUK Zbigniew Krzysztof,ZbigniewKuzmiuk,EPP,Poland
KRASNODĘBSKI Zdzisław,ZdzKrasnodebski,EFDD,Italy
BELDER Bas @,EurofractieSGP,EFDD,Italy
AGEA Laura,,EFDD,Italy
AGNEW John Stuart,,Greens,Germany
ALI Nedzhmi,,ALDE,Estonia
ARENA Maria,,ECR,UK
ASSIS Francisco,,ALDE,Netherlands
BACH Georges,,S&D,France
BALCZÓ Zoltán,,Greens,Germany
BAREKOV Nikolay,,NI (Front National),France
BAYET Hugues,,ALDE,Spain
BECKER Heinz K.,,S&D,France
BERGERON Joëlle,,ALDE,Spain
BILDE Dominique,,NI (Front National),France
BIZZOTTO Mara,,GUE,Sweden
BLANCO LÓPEZ  José,,S&D,Spain
BLINKEVIČIŪTĖ Vilija,,S&D,Lithuania
BOȘTINARU Victor,,S&D,Romania
BOCSKOR Andrea,,NI (Lega Nord),Italy
BORRELLI David,,S&D,Croatia
BOURS Louise,,EFDD,UK
BOUTONNET Marie Christine,,GUE,Ireland
BRADBOURN Philip,,EPP,Germany
BUȘOI Cristian Silviu,,EPP,Germany
CASTALDO Fabio Massimo,,EPP,Italy
CHARANZOVÁ Dita,,S&D,Denmark
CHRYSOGONOS Kostas,,S&D,Italy
COLLIN LANGEN Birgit,,S&D,UK
CORRAO Ignazio,,EFDD,Italy
COSTA Silvia,,S&D,Italy
CRAMER Michael,,Greens,Germany
CRISTEA Andi Lucian,,S&D,Romania
CROWLEY Brian,,ECR,Poland
DĂNCILĂ Viorica,,S&D,Romania
DÍAZ DE MERA GARCÍA CONSUEGRA Agustin,,EPP,France
DARTMOUTH William The Earl of,,S&D,Italy
DE MASI Fabio,,EPP,France
DELI Andor,,Greens,France
DELVAUX STEHRES Mady,,S&D,France
DEPREZ Gérard,,ECR,UK
DIACONU Mircea,,NI (Democratic Unionist Party),UK
DOHRMANN Jørn,,EPP,Italy
D'ORNANO Mireille,,Greens,France
DZHAMBAZKI Angel,,GUE,Germany
EHLER Christian,,Greens,Netherlands
ENGEL Frank,,Greens,Sweden
EPITIDEIOS Georgios,,NI (Popular Association -Golden Dawn),Greece
ERDŐS Norbert,,EPP,Hungary
ERIKSSON Peter,,Greens,Sweden
ERNST Cornelia,,S&D,Germany
ESTARÀS FERRAGUT Rosa,,EFDD,UK
FARIA José Inácio,,EPP,Portugal
FERRAND Edouard,,S&D,Portugal
FERREIRA João,,EPP,Sweden
FLAŠÍKOVÁ BEŇOVÁ Monika,,S&D,Germany
FLORENZ Karl Heinz,,ECR,UK
FORENZA Eleonora,,ECR,UK
FOTYGA Anna Elżbieta,,ECR,Poland
FOUNTOULIS Lampros,,S&D,Austria
FRUNZULICĂ‚ Doru Claudian,,S&D,Romania
GÁL Kinga,,EPP,Hungary
GÁLL-PELCZ Ildikó,,S&D,Italy
GEBHARDT Evelyne,,ALDE,Netherlands
GERICKE Arne,,S&D,Poland
GIESEKE Jens,,S&D,Italy
GLEZOS Emmanouil,,ALDE,France
GRÓBARCZYK Marek Józef,,NI (Partij voor de Vrijheid),Netherlands
GRAMMATIKAKIS Giorgos,,S&D,Greece
GRANDES PASCUAL Luis de,,EPP,Spain
GRAPINI Maria,,S&D,Italy
GUERRERO SALOM Enrique,,S&D,Spain
GYÜRK András,,ECR,Finland
HÖLVÉNYI György,,ECR,Germany
HERRANZ  GARCÍA Esther,,EPP,Spain
HETMAN Krzysztof,,EPP,Poland
HEUBUCH Maria,,Greens,Germany
HOFFMANN Iris,,S&D,UK
HOOKEM Mike,,ALDE,Netherlands
HYUSMENOVA Filiz,,S&D,Romania
IWASZKIEWICZ Robert Jarosław,,ALDE,Finland
JÁUREGUI ATONDO Ramón,,Greens,France
JAHR Peter,,ALDE,Croatia
JALKH Jean François,,EFDD,UK
JANSEN Hans,,EPP,France
JUARISTI ABAUNZ Iosu,,S&D,Greece
KALINOWSKI Jarosław,,ALDE,Estonia
KÖLMEL Bernd,,ECR,UK
KAMMEREVERT Petra,,S&D,Germany
KAPPEL Barbara,,ECR,UK
KARLSSON Rikke,,ECR,Denmark
KARSKI Karol Adam,,ECR,Poland
KÖSTER Dietmar,,EPP,Greece
KELAM Tunne,,EPP,Estonia
KELLER Jan,,S&D,UK
KOCH Dieter Lebrecht,,NI (Kongres Nowej Prawicy),Poland
KOVÁCS Béla,,S&D,Finland
KUNEVA Kostadinka,,S&D,Italy
KYLLÖNEN Merja,,GUE,Finland
KYRKOS Miltiadis,,EPP,Germany
LÖSING Sabine,,GUE,Germany
LAURISTIN Marju,,NI (Front National),France
LEGUTKO Ryszard Antoni,,EPP,Poland
LEWER Andrew,,S&D,Germany
LINS Norbert,,Greens,Germany
LOISEAU Philippe,,NI (Front National),France
LOPE FONTAGNÉ Verónica,,S&D,Sweden
ŁUKACIJEWSKA Elżbieta Katarzyna,,Greens,Austria
LUNDGREN Peter,,S&D,Poland
MĂNESCU Ramona Nicole,,NI (Front National),France
MAŠTÁLKA Jiří,,GUE/NGL,Czech Republic
MAŇKA  Vladimír,,EPP,Romania
MAEIJER Vicky,,EPP,Croatia
MALINOV Svetoslav Hristov,,GUE,Italy
MAMIKINS Andrejs,,S&D,Latvia
MANN Thomas,,EPP,Germany
MANSCOUR Louis Joseph,,S&D,UK
MARTIN Dominique,,EPP,Italy
MARUSIK Michał,,S&D,France
MAVRIDES Costas,,S&D,Cyprus
MAYER Georg,,NI (Freiheitliche Partei Osterreichs),Austria
MAZURONIS Valentinas,,ALDE,Germany
MELIOR Susanne,,EPP,Malta
MICHEL Louis,,ALDE,Belgium
MICHELS Martina,,GUE,Germany
MIHAYLOVA Iskra,,EPP,Slovakia
MILLÁN MON Francisco José,,ALDE,Austria
MOI Giulia,,EFDD,Italy
MOISĂ Sorin,,S&D,Romania
MOLNÁR Csaba,,EPP,Portugal
MONTEL Sophie,,EPP,France
MORGANO Luigi,,EPP,France
MORVAI Krisztina,,GUE,Ireland
NAGY József,,S&D,Bulgaria
NEUSER Norbert,,S&D,Germany
NICA Dan,,ECR,UK
NICOLAI Norica,,ALDE,Netherlands
NILSSON Jens,,EPP,Netherlands
NOICHL Maria,,EPP,Latvia
PAGAZAURTUNDÚA RUIZ Maite,,S&D,Cyprus
PAPADAKIS Konstantinos,,EPP,Italy
PAULSEN Marit,,ALDE,Denmark
PETIR Marijana,,S&D,Croatia
PIECHA Bolesław Grzegorz,,ECR,Poland
PIEPER Markus,,EPP,Finland
PIOTROWSKI Mirosław,,S&D,Netherlands
PIRINSKI Georgi,,S&D,Bulgaria
PITERA Julia,,EPP,Croatia
PLURA Marek Mirosław,,ECR,Germany
PREUSS Gabriele,,EPP,France
QUISTHOUDT ROWOHL Godelieve,,EPP,Germany
RADEV Emil,,EPP,Portugal
RANSDORF Miloslav,,EPP,Austria
REBEGA Constantin Laurențiu,,ALDE,Finland
REID Julia,,S&D,France
RIBEIRO Sofia,,S&D,Spain
RODRIGUES Liliana,,S&D,Portugal
RODRIGUES Maria João,,EPP,Belgium
ROPĖ Bronis,,S&D,France
RUAS Fernando,,S&D,Romania
SÓGOR Csaba,,EPP,Italy
SALVINI Matteo,,EPP,Hungary
SCHLEIN Elena Ethel,,EPP,Austria
SCHOLZ Helmut,,EPP,Germany
SCHUSTER Joachim,,EPP,Italy
SERRÃO SANTOS Ricardo,,EPP,Poland
SILVA PEREIRA Pedro,,S&D,Slovakia
ŠOJDROVÁ Michaela,,EPP,Czech Republic
SOLTES Igor,,Greens,Slovenia
SOMMER Renate,,S&D,Italy
SPINELLI Barbara,,S&D,Bulgaria
STARBATTY Joachim,,S&D,UK
STOLOJAN Theodor Dumitru,,GUE,Cyprus
SYNADINOS Eleytherios,,NI (Popular Association -Golden Dawn),Greece
SZÁJER József,,EPP,Poland
TØRNÆS Ulla,,ALDE,Denmark
TĂNĂSESCU Claudiu Ciprian,,S&D,Romania
TŐKÉS László,,ECR,UK
TAPARDEL Ana Claudia,,EPP,Poland
TOŠENOVSKÝ Evžen,,S&D,Italy
TOMAŠEVSKI Valdemar,,ECR,Croatia
TOMC Romana,,EPP,Slovenia
TOOM Yana,,Greens,Germany
TREBESIUS Ulrike,,Greens,Luxembourg
UJAZDOWSKI Kazimierz Michał,,ECR,Poland
UJHELYI István,,Greens,Spain
URUTCHEV Vladimir,,ALDE,Slovenia
VALCÁRCEL Ramón Luis,,S&D,Belgium
VAN ORDEN Geoffrey,,ECR,Belgium
VANA Monika,,ALDE,Belgium
VIEGAS Miguel,,S&D,Austria
WEIZSÄCKER Jakob von,,S&D,Germany
WENTA Bogdan Brunon,,EPP,Poland
WERNER Martina,,ECR,Poland
WIELAND Rainer,,EFDD,Sweden
WINKLER Hermann,,EPP,Germany
WINKLER Iuliu,,EFDD,UK
ŻÓŁTEK Stanisław,,EPP,Slovakia
ZŁOTOWSKI Kosma Tadeusz,,ECR,Latvia
ZAGORAKIS Theodoros,,ECR,Czech Republic
ZALA Boris,,EPP,Spain
ZANNI Marco,,S&D,Italy
ZARIANOPOULOS Sotirios,,GUE,Germany
ŽITŇANSKÁ Jana,,S&D,Portugal
ZUBER Inês Cristina,,EPP,Poland
